EMP_FIL_SIGLA,EMP_FIL_FANTASIA,ID_FILIAL,ID_CEP_REF,EMP_FIL_RAZAO,EMP_FIL_LOGRADOURO,EMP_FIL_BAIRRO,EMP_FIL_CIDADE,cep,EMP_FIL_DESCRPOLO,latitude,longitude
XAP,CHAPECO,99,8419.0,BRASPRESS TRANSPORTES URGENTES LTDA,VALDEMIRO BELINSKI (PARALELA A BR 282),TREVO,CHAPECO,89800-000,CHAPECO,-27.0922364,-52.6166878
VTR,VOLTA REDONDA,125,1480984.0,BRASPRESS TRANSPORTES URGENTES LTDA,SETECENTOS E CINQUENTA,C PEDRA,VOLTA REDONDA,27257-265,VOLTA REDONDA,-30.552381699999998,-52.517883206044026
VOT,VOTUPORANGA,254,1325884.0,BRASPRESS TRANSPORTES URGENTES LTDA,MARIANO CORTE,SIMONSEN,VOTUPORANGA,15515-001,VOTUPORANGA REG. METROPOLITANA,-30.819699200000002,-53.90184172089343
VLH,VILHENA,158,1066663.0,RAPIDO RORAIMA LTDA,"3,90E+01",NOVA VILHENA,VILHENA,76980-000,VILHENA,-12.733606451923077,-60.141875875
VIX,VITORIA,34,1702213.0,BRASPRESS TRANSPORTES URGENTES LTDA,ATALYDES MOREIRA DE SOUZA,CIVIT I,SERRA,29168-055,VITORIA E REG. METROPOLITANA,-30.80309115,-53.903525288462596
VDC,VITORIA DA CONQUISTA,72,1453929.0,BRASPRESS TRANSPORTES URGENTES LTDA,BR-116,Ayrton Senna,VITORIA DA CONQUISTA,45089-340,VITORIA DA CONQUISTA,-30.54042975,-52.50797349314027
VCR,MT,109,8280.0,BRASPRESS TRANSPORTES URGENTES LTDA,JUSCELINO K. DE OLIVEIRA,GERTRUDES,VACARIA,95200-000,VACARIA,-28.50276028,-50.93083946
VCP,VIRACOPOS,204,2119246.0,AIR MINAS LINHAS AEREAS LTDA,SANTOS DUMONT (SP-79),JD ITATINGA,CAMPINAS,13052-448,VIRACOPOS,-24.27974615,-53.82557594577587
VAG,VARGINHA,74,1581209.0,BRASPRESS TRANSPORTES URGENTES LTDA,COMENDADOR MANOEL SENDAS,PRQ MARIELA,VARGINHA,37030-010,VARGINHA,-30.80679855,-53.89896375944081
VA,VARGINHA,208,1582854.0,AIR MINAS LINHAS AEREAS LTDA,JOSÉ RIBEIRO TRISTÃO,PRQ MARIELA,VARGINHA,37030-000,VARGINHA,-15.610502050000001,-56.154491754286525
V2C,SERRA,231,1711932.0,BRASPRESS TRANSPORTES URGENTES LTDA,SETECENTOS S/N,TER I SERRA,SERRA,29161-414,VITORIA II REG. METROPOLITANA,-24.27180435,-53.84805255803515
V,CAMPO GRANDE,143,1689901.0,BRASPRESS TRANSPORTES URGENTES LTDA,COSTA E SILVA,VL MACIEL,CAMPO GRANDE,79070-010,MSS 2,-26.335969891836733,-60.43390807959183
URG,URUGUAIANA,7,1388737.0,BRASPRESS TRANSPORTES URGENTES LTDA,MINISTRO ASSIS BRASIL,J CLUBE,URUGUAIANA,97511-800,URUGUAIANA,-24.2777598,-53.82650554800749
UMU,UMUARAMA,120,1396665.0,BRASPRESS TRANSPORTES URGENTES LTDA,ELIDIO ZAGO,RESIDENCIAL VIENA,UMUARAMA,87507-660,UMUARAMA,-22.8237858,-43.3891404
UDI,UBERLANDIA,75,1605254.0,BRASPRESS TRANSPORTES URGENTES LTDA,PADRE AMERICO CEPPI,MARTA HELENA,UBERLANDIA,38400-672,UBERLANDIA,-24.275146200000002,-53.84806395575093
UD,UBERLANDIA,209,1604870.0,AIR MINAS LINHAS AEREAS LTDA,JOSE ALVES DOS SANTOS,AEROPORTO,UBERLANDIA,38406-387,UBERLANDIA,-24.29111705,-53.848367014570016
UBT,SAO SEBASTIAO,243,1994377.0,E S T L TRANSPORTE E LOGISTICA EIRELI,MANOEL EDUARDO DE MORAES,ENSEADA,SAO SEBASTIAO,11602-367,SAO SEBASTIAO,-24.28680775,-53.85147376697315
UBA,UBERABA,129,257917.0,BRASPRESS TRANSPORTES URGENTES LTDA,EDUARDO PALMERIO,PARQUE HILÉIA,UBERABA,38055-040,UBERABA,-30.808998000000003,-53.89040869798548
TXF,TEIXEIRA DE FRETAS,219,1299115.0,JS ENCOMENDAS LTDA,SANTA ISABEL,MONTE CASTELO,TEIXEIRA DE FREITAS,45990-114,TEIXEIRA DE FRETAS,-17.5379769,-39.725229
TUR,SAO JOAO DO ARAGUAIA,245,4787.0,NORTE BRASIL LOGISTICA EIRELI,RODOVIA BR 230,ZONA RURAL,SAO JOAO DO ARAGUAIA,68518-000,SAO JOAO DO ARAGUAIA,-5.3590819666666665,-48.78929123333333
TRL,TRES LAGOAS,149,1407305.0,BRASPRESS TRANSPORTES URGENTES LTDA,RANULPHO MARQUES LEAL,JD ALVORADA,TRES LAGOAS,79610-100,TRES LAGOAS,-20.7927722,-51.6801263
THT,THTEX,900,184506.0,TAYGUARA HELOU EPP,PAULO EMILIO,JD JULIETA,SAO PAULO,02162-040,,-30.808998000000003,-53.89040869798548
THP,TERESINA,187,1586712.0,TRANSPORTADORA CANARINHO,PREFEITO WALL FERRAZ - LADO IMPAR,S ANTONIO,TERESINA,64032-075,TERESINA,-15.875032586364366,-48.031927962424234
THE,TERESINA,59,1586712.0,BRASPRESS TRANSPORTES URGENTES LTDA,PREFEITO WALL FERRAZ,SANTO ANTONIO,TERESINA,64032-075,TERESINA,-15.875032586364366,-48.031927962424234
TFL,TEOFILO OTONI,87,1898308.0,BRASPRESS TRANSPORTES URGENTES LTDA,SIDONIO OTONI,MATINHA,TEOFILO OTONI,39801-500,TEOFILO OTONI,-17.84883965,-41.49246405
TFD,SAO PAULO,155,189185.0,BRASPRESS TRANSPORTES URGENTES LTDA,SAMUEL LUCAS,JD JULIETA,SAO PAULO,02162-050,CAOB VILA MARIA - FERNÃO DIAS,-30.8036222,-53.90198355574046
STP,SANTO ANTONIO DA PLATINA,233,6604.0,RODOVIARIO AFONSO LTDA,ACACIA,VILA CLARO,SANTO ANTONIO DA PLATINA,86430-000,STO ANTONIO DA PLATINA,-23.291446775,-50.0673307
STO,SAO PAULO,176,2176753.0,BRASPRESS TRANSPORTES URGENTES LTDA,RUA ARNALDO MAGNICCARO 475/521,VL GEA,SAO PAULO,04691-904,CAOB SANTO AMARO,-9.9485973,-67.8644541
STM,SANTAREM,124,1536264.0,MRS FIGUEIRA LTDA,ALMIRANTE BARROSO,LIBERDADE,SANTAREM,68040-260,SANTAREM,-30.155975849999997,-53.57452136044881
SSZ,SANTOS,16,710219.0,BRASPRESS TRANSPORTES URGENTES LTDA,MINISTRO MARCOS FREIRE,T BASTOS (SIT CAMPO),PRAIA GRANDE,11724-000,SANTOS E REG. METROPOLITANA,-24.0061888,-46.4333611
SSA,SALVADOR,57,1665942.0,BRASPRESS TRANSPORTES URGENTES LTDA,JOSE ROBERTO OTTONI,VALERIA,SALVADOR,41301-325,SALVADOR,-30.5327781,-52.52239713709514
SRD,SARANDI,108,8182.0,BRASPRESS TRANSPORTES URGENTES LTDA,RS404 KM 02,VILA IPIRANGA,SARANDI,99560-000,SARANDI,-27.94474345,-52.914933575
SRA,SANTA ROSA,106,8090.0,BRASPRESS TRANSPORTES URGENTES LTDA,BORGES DE MEDEIROS,CENTRO,SANTA ROSA,98900-000,SANTA ROSA,-27.97286335625,-54.26434576875
SQC,SIQUEIRA CAMPOS,96,2002390.0,BRASIL TRANSPORTES INTERMODAL LTDA,JOAQUIM MARQUES DE FIGUEIREDO,DT INDUSTRIAL II,SIQUEIRA CAMPOS,17034-290,,-30.53220635,-52.52280219622739
SPY,PIRASSUNUNGA,239,2032415.0,BRASPRESS TRANSPORTES URGENTES LTDA,CURITIBA,VL BELMIRO,PIRASSUNUNGA,13633-515,PIRASSUNUNGA,-24.30253965,-53.830665746934685
SPT,SPR TRANSPORTES,910,2143586.0,U. HELOU JUNIOR - EPP,"GUEIXAS, DAS",JD JAPAO,SAO PAULO,02123-030,SAO PAULO,-30.8102138,-53.89265610881632
SPR,SPR SAO PAULO RODOVIAS,236,2043934.0,SPR SAO PAULO RODOVIAS LTDA,RIO NEGRO,A C IND EMPRESARIAL/ALPHAVILLE,BARUERI,06454-000,BARUERI,-23.501567575,-46.8482757875
SOS,OSORIO,251,7925.0,EXPRESSO 2D TRANSPORTADORA LTDA,BR 101,COSTA VERDE,OSORIO,95520-000,OSORIO,-29.91026778888889,-50.26637925185185
SOD,SOROCABA,112,2064667.0,BRASPRESS TRANSPORTES URGENTES LTDA,LIBERDADE,IPORANGA,SOROCABA,18087-170,SOROCABA,-23.439871919999998,-47.380972293333336
SLZ,SAO LUIZ,47,1556302.0,BRASPRESS TRANSPORTES URGENTES LTDA,TRES,DT INDUSTRIAL,SAO LUIS,65090-280,SAO LUIS,-23.21318445,-46.830282592376385
SJP,SAO JOSE DO RIO PRETO,14,143530.0,BRASPRESS TRANSPORTES URGENTES LTDA,MARIO ANDREAZZA,JD SAO MARCO,SAO JOSE DO RIO PRETO,15081-490,SAO JOSE DO RIO PRETO,-20.8349593,-49.3609485
SJK,SAO JOSE DOS CAMPOS,15,1991831.0,BRASPRESS TRANSPORTES URGENTES LTDA,DR SEBASTIAO HENRIQUE CUNHA PONTES,CH REUNIDAS,SAO JOSE DOS CAMPOS,12238-365,SAO JOSE DOS CAMPOS,-24.286651650000003,-53.84895435924801
SJA,HERVAL D OESTE,169,8478.0,VALE DO RIO DO PEIXE TRANSP E LOGISTICA LTDA,BR 262,COLONIA LINHA PACIFICO,HERVAL D OESTE,89610-000,JOACABA,-27.1703045,-51.4946636
SJ,SAO JOSE DOS CAMPOS,205,1986838.0,AIR MINAS LINHAS AEREAS LTDA,BRIGADEIRO FARIA LIMA,PRQ M CERERE,SAO JOSE DOS CAMPOS,12227-000,SAO JOSE DOS CAMPOS,-23.2286857,-45.8603198
SIN,SANTA INES,216,1556745.0,OLIVEIRA LOGISTICA E TRANSPORTE,SAO CRISTOVAO,SAO CRISTOVAO,SANTA INES,65304-675,SANTA INES/OLIVEIRA LOG,-19.9165877,-44.082937
SGR,SALGUEIRO,215,5414.0,GENIVALDO ALVES DE MARINS ME,SEIS,COHAB,SALGUEIRO,56000-000,SALGUEIRO,-8.06967299090909,-39.12189347272727
SDR,RESENDE,153,1482800.0,BRASPRESS TRANSPORTES URGENTES LTDA,JEFFERSON GERALDO BRUNO,PARAISO,RESENDE,27536-015,RESENDE,-30.81782995,-53.90844408191546
SBR,SOBRAL,226,2255383.0,BRASPRESS TRANSPORTES URGENTES LTDA,DOM JOSE,D JOSE,SOBRAL,62015-400,SOBRAL II,-3.6915427,-40.3553258
SBO,SAO BORJA,107,8120.0,BRASPRESS TRANSPORTES URGENTES LTDA,PRESIDENTE TANCREDO NEVES,OTIRO,SAO BORJA,97670-000,SAO BORJA,-28.659234473684208,-56.00330842368422
SBL,SOBRAL,136,1153.0,BRASPRESS TRANSPORTES URGENTES LTDA,BR 222,DISTRITO INDUSTRIAL,APRAZIVEL,62114-000,SOBRAL,-21.053976,-49.6834459
SAP,SANTO ANTONIO DA PLATINA,119,6604.0,BRASPRESS TRANSPORTES URGENTES LTDA,ANTONIO CASTRO VILLAS BOAS,JARDIM SAO PEDRO,SANTO ANTONIO DA PLATINA,86430-000,SANTO ANTONIO DA PLATINA,-23.291446775,-50.0673307
SAO,GUARULHOS,1,2125341.0,BRASPRESS TRANSPORTES URGENTES LTDA,MONTEIRO LOBATO,CIDADE JARDIM CUMBICA,GUARULHOS,07180-000,SAO PAULO E REG. METROPOLITANA,-23.45389435,-46.4842
RVD,RIO VERDE,82,1413338.0,BRASPRESS TRANSPORTES URGENTES LTDA,RUA 32,VILA BAYLAO,RIO VERDE,75906-441,RIO VERDE,,
RRR,GUARULHOS,159,2125085.0,PVH OTM TRANSPORTES,BELA VISTA DO PARAISO,JD NOVA PORTUGAL,GUARULHOS,07177-120,GUARULHOS,-23.4102204,-46.3981858
ROO,RONDONOPOLIS,200,1399143.0,BRASPRESS TRANSPORTES URGENTES LTDA,PRESIDENTE MEDICI,C SALMEN,RONDONOPOLIS,78705-164,POLO NÃO COMERCIAL,-30.54613105,-52.539693825201766
ROD,RONDONOPOLIS,100,1397654.0,BRASPRESS TRANSPORTES URGENTES LTDA,TREZE DE MAIO,LA SALLE,RONDONOPOLIS,78710-080,RONDONOPOLIS,2.8768549,-60.70890383429973
RO,RONDONOPOLIS,210,,AIR MINAS LINHAS AEREAS LTDA,BR-163 KM 110,VILA GOULART,RONDONOPOLIS,78745-000,RONDONOPOLIS,25.7645616,-97.9696906
RNF,PARNAMIRIM,256,1612772.0,AVEX TRANSPORTE E LOGISTICA LTDA,ALCIDES JERONIMO FREIRE,PRQ EXPOSICOES,PARNAMIRIM,59146-470,PARNAMIRIM,-24.283911099999997,-53.827854955297745
RJN,SAO JOAO DE MERITI,184,2195821.0,TRANSPORTADORA CANARINHO LTDA,ARTHUR ABTONIO SENDAS,PARQUE ANALANDIA,SAO JOAO DE MERITI,25585-021,SAO JOAO DE MERITI,-30.81041995,-53.90025051654432
RIO,RIO DE JANEIRO,4,2195821.0,BRASPRESS TRANSPORTES URGENTES LTDA,ARTHUR ANTONIO SENDAS,PRQ ANALANDIA,SAO JOAO DE MERITI,25585-021,RIO DE JANEIRO E REG METROPOLI,-30.81041995,-53.90025051654432
RIA,SANTA MARIA,9,1438065.0,BRASPRESS TRANSPORTES URGENTES LTDA,BR-392,LORENZI,SANTA MARIA,97070-379,SANTA MARIA,-9.9392605,-67.8583341
RGG,REGISTRO,111,9551.0,BRASIL TRANSPORTES INTERMODAL LTDA,SAO NICOLAU,JARDIM SAO NICOLAU,REGISTRO,11900-000,REGISTRO,-24.489472296153846,-47.846332421153846
REC,RECIFE,53,1940974.0,BRASPRESS TRANSPORTES URGENTES LTDA,BR-101 SUL,DT IND STO ESTEVAO,CABO DE SANTO AGOSTINHO,54503-010,RECIFE,-8.2397204,-35.00116
RDS,RIO DO SUL,147,8650.0,BRASPRESS TRANSPORTES URGENTES LTDA,GUSTAVO STADNICK,CANTA GALO,RIO DO SUL,89160-000,RIO DO SUL,-27.197181071428574,-49.646765314285716
RBR,RIO BRANCO,196,3.0,CAVALHEIRO LOGISTICS LTDA,JOSE RUI LINO,CENTRO,RIO BRANCO,69932-000,FILIAL NÃO COMERCIAL,-11.0096799,-68.7512961
RBD,RIO BRANCO,35,1075379.0,PVH OTM TRANSPORTES EIRELI,BR-364 KM 01,LOT STA HELENA,RIO BRANCO,69908-768,RIO BRANCO,,
RAO,RIBEIRAO PRETO,13,2036414.0,BRASPRESS TRANSPORTES URGENTES LTDA,PROFESSOR ANTONIO PALOCCI,JD OURO BRANCO,RIBEIRAO PRETO,14079-800,RIBEIRAO PRETO,-24.2777598,-53.82650554800749
R2C,DUQUE DE CAXIAS,222,2221597.0,BRASPRESS TRANSPORTES URGENTES LTDA,WASHINGTON LUIZ,JD GRAMACHO,DUQUE DE CAXIAS,25065-007,CAOB DUQUE DE CAXIAS,-30.80824015,-53.903693697306856
QLB,LAJEADO,247,1460431.0,TRANSPORTADORA BRUNETTO IRMAOS LTDA,EUGENIA MELLO DE OLIVEIRA KIRCHHEIM,B PASTOR,LAJEADO,95905-684,LAJEADO,-24.273725149999997,-53.845717264215764
QJA,JARAGUA DO SUL,101,8472.0,BRASPRESS TRANSPORTES URGENTES LTDA,IZIDIO CARLOS PEIXER,ILHA DA FIGUEIRA,GUARAMIRIM,89270-000,JARAGUA DO SUL,-26.477207683695653,-48.993097677173914
QHV,NOVO HAMBURGO,84,1698020.0,BRASPRESS TRANSPORTES URGENTES LTDA,RS-239,S JOSE,NOVO HAMBURGO,93530-534,NOVO HAMBURGO ECID.PROXIMAS,-21.5622093,-42.6795097
PVI,PARANAVAI,162,1887678.0,BRASPRESS TRANSPORTES URGENTES LTDA,BR-376,DISTRITO INDUSTRIAL,PARANAVAI,87720-140,PARANAVAI,-24.27704375,-53.83538979544946
PVH,PORTO VELHO,197,1386672.0,CAVALHEIRO LOGISTICS LTDA,PEROBA,FLORESTA,PORTO VELHO,76806-138,PORTO VELHO,-30.535498750000002,-52.5260086298067
PVD,PORTO VELHO,39,1384160.0,PVH OTM TRANSPORTES EIRELI,"BR 364 KM 3,5",JD ELDORADO,PORTO VELHO,76811-760,PORTO VELHO,-24.289443249999998,-53.85160205430182
PTU,PARACATU,79,3531.0,BRASPRESS TRANSPORTES URGENTES LTDA,MERCURIO,AMOREIRA II,PARACATU,38600-000,PARACATU,-17.21874000326087,-46.871041756521734
PTO,PATO BRANCO,18,1465380.0,BRASPRESS TRANSPORTES  URGENTES LTDA,ARAUCARIA,S TEREZINHA,PATO BRANCO,85506-060,PATO BRANCO,-30.8100681,-53.90724745671888
PPR,PRESIDENTE PRUDENTE,17,1918877.0,BRASPRESS TRANSPORTES URGENTES LTDA,SOL NASCENTE,PRQ CEREJEIRAS,PRESIDENTE PRUDENTE,19061-340,PRESIDENTE PRUDENTE,-30.54042975,-52.50797349314027
POJ,PATOS DE MINAS,131,1400444.0,BRASPRESS TRANSPORTES URGENTES LTDA,GERALDO TEIXEIRA DA CUNHA,CIDADE NOVA,PATOS DE MINAS,38706-412,PATOS DE MINAS,-24.27244035,-53.84337019360679
POA,PORTO ALEGRE,6,427876.0,BRASPRESS TRANSPORTES URGENTES LTDA,WILLY EUGENIO FLECK,RUBEM BERTA,PORTO ALEGRE,91150-180,PORTO ALEGRE E REG METROPOLITA,-30.00179515,-51.1194028625
PNZ,PETROLINA,44,500661.0,BRASPRESS TRANSPORTES URGENTES LTDA,CORONEL CLEMENTINO COELHO,ATRAS DA BANCA,PETROLINA,56308-210,PETROLINA,-9.397034,-40.5168575
PNT,PETROLINA,186,1424570.0,TRANSPORTADORA CANARINHO,CORONEL CLEMENTINO COELHO,A BANCA,PETROLINA,56308-210,PETROLINA,-9.397034,-40.5168575
PNG,PARANAGUA,118,1780466.0,BRASPRESS TRANSPORTES URGENTES LTDA,BENTO MUNHOZ DA ROCHA NETO,AEROPORTO,PARANAGUA,83209-000,PARANAGUA,-21.053976,-49.6834459
PNF,PENAFORTE,185,1600.0,TRANSPORTADORA CANARINHO LTDA,"BR  550,KM 116",CENTRO,PENAFORTE,63280-000,PERNAFORTE,-21.053976,-49.6834459
PMW,PALMAS,94,1470384.0,BRASPRESS TRANSPORTES URGENTES LTDA,912 SUL ALAMEDA,SETOR INDUSTRIAL,PALMAS,77023-480,PALMAS,-24.2738583,-53.851838602744195
PLX,PLANEX,997,159817.0,PLANEX ENCOMENDAS URGENTES LTDA,CORONEL MARQUES RIBEIRO,VL GUILHERME,SAO PAULO,02068-050,,-23.51151,-46.6107306875
PLU,PAMPULHA,201,2089662.0,AIR MINAS LINHAS AEREAS LTDA,PROFESSOR MAGALHAES PENIDO,PAMPULHA,BELO HORIZONTE,31270-700,PAMPULHA,-19.8598241,-43.9577699
PGZ,PONTA GROSSA,97,1484626.0,BRASPRESS TRANSPORTES URGENTES LTDA,BR-376,COLONIA DONA LUIZA,PONTA GROSSA,84043-450,PONTA GROSSA,-24.280789400000003,-53.82452804712054
PGT,PORANGATU,81,2286.0,BRASPRESS TRANSPORTES URGENTES LTDA,ADELINO AMERICO DE AZEVEDO,CENTRO,PORANGATU,76550-000,PORANGATU,-13.229191129166667,-50.48674963125
PFB,PASSO FUNDO,69,1523882.0,BRASPRESS TRANSPORTES URGENTES LTDA,CORONEL JARBAS QUADROS DA SILVA,S CRISTOVAO,PASSO FUNDO,99064-440,PASSO FUNDO,-28.24054695,-52.35796715
PET,PELOTAS,93,1408237.0,BRASPRESS TRANSPORTES URGENTES LTDA,BR-116,T VENDAS,PELOTAS,96070-560,PELOTAS,-31.6484393,-52.3385913
PCS,PICOS,214,1312120.0,NOVO HORIZONTE TRANSPORTES   LTDA,RICARDINO NEIVA,DNER,PICOS,64607-450,PICOS,-5.323343400000001,-48.03524695101014
PBO,VILHENA,195,1199067.0,CAVALHEIRO LOGISTICS LTDA,MARECHAL RONDON,PQ. INDUSTRIAL TANCREDO NEVES,VILHENA,76987-790,VILHENA,-12.7738058,-60.094617
PAS,PASSOS,128,1474564.0,BRASPRESS TRANSPORTES URGENTES LTDA,ISAURA PRADO KALLAS,VL ROMANA,PASSOS,37901-777,PASSOS,-24.2786232,-53.824526604114716
OPS,SINOP,237,1733786.0,BRASPRESS TRANSPORTE URGENTES LTDA,COLONIZADOR ENIO PIPINO,SETOR INDUSTRIAL,SINOP,78557-059,SINOP,-26.336394140816328,-60.43373130204082
NZA,POUSO ALEGRE,133,1367738.0,BRASPRESS TRANSPORTES URGENTES LTDA,PINTO COBRA,PASSAREDO,POUSO ALEGRE,37554-279,POUSO ALEGRE,-24.299788550000002,-53.83716857059868
NOL,NOVA OLINDA,238,9894.0,BRASPRESS TRANSPORTES URGENTES LTDA,BERNARDO SAYAO,CENTRO,NOVA OLINDA,77790-000,NOVA OLINDA,-7.6342757571428566,-48.42139063660714
NLN,LINHARES,167,1636022.0,BRASPRESS TRANSPORTES URGENTES LTDA,BR-101 NORTE,CANIVETE,LINHARES,29909-025,LINHARES,-30.80880335,-53.89438541165103
NIT,NITEROI,127,311035.0,BRASPRESS TRANSPORTES URGENTES LTDA,AMARAL PEIXOTO KM 06,TRIBOBO,SAO GONCALO,24753-560,NITEROI,-24.28429895,-53.852277954136305
NFG,NOVA FRIBURGO,45,1464540.0,BRASPRESS TRANSPORTES URGENTES LTDA,ANTONIO MARIO DE AZEVEDO,CORREGO DANTAS,NOVA FRIBURGO,28630-315,NOVA FRIBURGO,-24.29674885,-53.83371875853064
NBR,BARREIRAS,194,1392455.0,BRASPRESS TRANSPORTES URGENTES LTDA,CLERISTON ANDRADE,ALPHAVILLE,BARREIRAS,47803-750,BARREIRAS,-24.29758845,-53.83128551746613
NBL,ANANINDEUA,228,1527941.0,NORTE BRASIL LOGISTICA - EIRELI,BR-316,CENTRO,ANANINDEUA,67030-000,ANANINDEUA,-1.3925217,-48.3983857
NBD,BARREIRAS,168,,BRASPRESS TRANSPORTES URGENTES LTDA,CLERISTON ANDRADE,SAIDA PARA SALVADOR,BARREIRAS,47805-970,NBD - POLO NÃO COMERCIAL,-24.5272285,-54.1081766
NAT,NATAL,51,1611921.0,BRASPRESS TRANSPORTES URGENTES LTDA,BR-101 KM 9,EMAUS,PARNAMIRIM,59149-090,NATAL,-22.6854543,-51.3521254
MVF,MOSSORO,138,1613602.0,MANOEL TRANSPORTES LTDA,CONTABILISTA FERNANDO VITOR DE MELO,DIX-SEPT ROSADO,MOSSORO,59609-000,MOSSORO,20.7026963,-102.3402451
MTZ,GUARULHOS,999,594979.0,BRASIL TRANSPORTES INTERMODAL LTDA,"RODOVIA PRESIDENTE DUTRA, KM 222,500",CUMBICA (JD P DUTRA),GUARULHOS,07180-903,,-9.9520284,-67.8354401
MT3,RONDONOPOLIS,248,1397242.0,SERGIO BAROZZI EPP,MARIO MENDES DE ALBUQUERQUE,C SALMEN,RONDONOPOLIS,78705-080,RONDONÓPOLIS,2.8768549,-60.70890383429973
MT2,CUIABA,230,1723466.0,O.T.I BRASIL TRANSPORTES-LTDA,BEIRA RIO,NOVO TERCEIRO,CUIABA,78028-420,CUIABA II,9.6895929,125.4499358
MT1,SINOP,229,1730503.0,TRANSETE TRANSPORTE SEGURO LTDA,DAS SAMAMBAIAS,ST IND SUL,SINOP,78557-480,SINOP,-9.9454931,-67.8624839
MSS,CAMPO GRANDE,24,1689908.0,BRASPRESS TRANSPORTES URGENTES LTDA,GURY MARQUES,VILA CIDADE MORENA,CAMPO GRANDE,79064-000,CAMPO GRANDE,22.015336,-99.0152782
MOC,MONTES CLAROS,77,1445790.0,BRASPRESS TRANSPORTES URGENTES LTDA,GOVERNADOR MAGALHAES PINTO,JARAGUÁ,MONTES CLAROS,39404-166,MONTES CLAROS,-30.547377400000002,-52.53350882293678
MO2,MONTES CLAROS,224,1445790.0,JLSINAI TRANSPORTES LTDA,GOVERNADOR MAGALHAES PINTO,JARAGUA,MONTES CLAROS,39404-166,MONTES CLAROS,-30.547377400000002,-52.53350882293678
MMG,MOGI-MIRIM\GUAÇU,165,,BRASPRESS TRANSPORTES URGENTES LTDA,RICARDO DIAS ALVES,PRQ M HELENA,CAMPINAS,13110-616,CAOB MOGI-MIRIM\GUAÇU,-15.849719499999999,-48.072122382232905
MII,MARILIA,241,2008723.0,SATO & CARNEIRO LOGISTICA DE CARGAS,REPUBLICA,NUC HAB C BRANCO,MARILIA,17511-000,MARILIA,-22.1848343,-49.960894
MID,MARILIA,113,2008129.0,BRASPRESS TRANSPORTES URGENTES LTDA,EUGENIO CONEGLIAN,DT INDUSTRIAL,MARILIA,17512-050,MARILIA,-30.8036222,-53.90198355574046
MGF,MARINGA,20,2000044.0,BRASPRESS TRANSPORTES URGENTES LTDA,PR-317,PARQUE INDUSTRIAL,MARINGA,87065-005,MARINGA,-30.8061011,-53.90098167882188
MEA,MACAE,135,1427963.0,BRASPRESS TRANSPORTES URGENTES LTDA,ALOISIO DA SILVA GOMES,GRANJA DOS CAVALEIROS,MACAE,27930-560,MACAE,-22.8728314,-43.2483175
MCZ,MACEIO,55,158.0,BRASPRESS TRANSPORTES URGENTES LTDA,BR 104,PREFEITO ANTONIO LINS DE SOUZA,RIO LARGO,57100-000,MACEIO,-9.511757383333332,-35.81083388333333
MCP,MACAPA,31,608195.0,I & I CASCAES LTDA,ALMIRANTE BARROSO,CENTRO,MACAPA,68906-360,MACAPA,,
MAO,MANAUS,29,1567660.0,BRASPRESS TRANSPORTES URGENTES LTDA,BURITI,DT INDUSTRIAL I,MANAUS,69075-000,MANAUS,-3.11976685,-59.9681491
MAD,MARABA,21,4675.0,BRASPRESS TRANSPORTES URGENTES LTDA,FOLHA 30 QD 15 LT 07 SL H,NOVA MARABA,MARABA,68500-000,MARABA,-5.3656661,-49.0229434
MAB,MARABA,192,1403152.0,BRASPRESS TRANSPORTES URGENTES LTDA,BR-230 TRANSAMAZONICA,N MARABA,MARABA,68507-765,MAB - PÓLO NÃO COMERCIAL,-5.3641518,-49.0727533
LIV,SANTANA DO LIVRAMENTO,117,431242.0,BRASPRESS TRANSPORTES URGENTES LTDA,THOMAZ ALBARNOZ,CENTRO,SANTANA DO LIVRAMENTO,97574-330,SANTANA DO LIVRAMENTO,,
LDB,LONDRINA,38,1682628.0,BRASPRESS TRANSPORTES URGENTES LTDA,JOSE CARLOS MUFATTO,JD RIVIERA,CAMBE,86187-025,LONDRINA,-30.80880335,-53.89438541165103
JZR,JUAZEIRO (BA),11,977207.0,BRASPRESS TRANSPORTES URGENTES LTDA,SEM ENDEREÇO,PADRE VICENTE,JUAZEIRO,48900-520,JUAZEIRO (BA),-24.3030253,-53.83050716029264
JZB,JUAZEIRO,258,1421372.0,JOSE MACHADO LIMA DE BONFIM,GAUDENCIO BARROS,JOAO XXIII,JUAZEIRO,48900-335,JUAZEIRO,-30.55815565,-52.515121891537724
JPT,JAPARATUBA,180,8799.0,TRANSPORTADORA CANARINHO LTDA,LUCIO PRADO KM 3,CENTRO,JAPARATUBA,49960-000,JAPARATUBA,-21.053976,-49.6834459
JPR,JI-PARANA,198,1379576.0,CAVALHEIRO LOGISTICS LTDA,FRANCISCO CORREIA CASTILHO,SAO CRISTOVAO,JI-PARANA,76913-893,JI-PARANA,-23.2130387,-46.83737774513973
JPA,JOAO PESSOA,61,1492938.0,BRASPRESS TRANSPORTES URGENTES LTDA,"BR-101, KM 1,5 RUA PROJETADA GALPAO 4",DISTRITO INDUSTRIAL,JOAO PESSOA,58082-000,JOAO PESSOA,-7.2106882,-34.9150654
JOI,JOINVILLE,10,1736570.0,BRASPRESS TRANSPORTES URGENTES LTDA,COPACABANA,FLORESTA,JOINVILLE,89211-380,JOINVILLE,-26.336197375,-48.85802425
JML,JOAO MONLEVADE,221,1443424.0,JOÃO BATISTA MORAIS EIRELI,BR-262,STO HIPOLITO,JOAO MONLEVADE,35931-206,JOAO MONLEVADE,-24.27789935,-53.82751162997815
JIP,JI-PARANA,151,1378201.0,SIGMA TRANSPORTES E LOGISTICA LDTA - ME,VENCESLAU BRAS,SAO PEDRO,JI-PARANA,76913-645,JI-PARANA,-8.0084954,-34.9386287
JEQ,JEQUIE,257,1457738.0,E F SOLUÇÕES INTELIGENTES LTDA,CORINTHIANS,MANDACARU,JEQUIE,45210-056,JEQUIE,-30.8028562,-53.90286622434161
JDV,JUNDIAI,144,9263.0,BRASPRESS TRANSPORTES URGENTES LTDA,VICE PREFEITO HERMENEGILDO TONOLI,SAO ROQUE DA CHAVE,ITUPEVA,13295-000,JUNDIAI,-23.15376678433735,-47.05916499156626
JDO,JUAZEIRO DO NORTE,137,1190.0,BRASPRESS TRANSPORTES URGENTES LTDA,SITIO BULANDEIRA DE BAIXO,BULANDEIRA,BARBALHA,63180-000,JUAZEIRO DO NORTE,-7.308150409523809,-39.3290849
JDF,JUIZ DE FORA,76,1639438.0,BRASPRESS TRANSPORTES URGENTES LTDA,JOANA D ARC,SANTA CRUZ,JUIZ DE FORA,36088-390,JUIZ DE FORA,-24.29193255,-53.84809791542946
ITT,ITATIM,179,725.0,TRANSPORTADORA CANARINHO LTDA,BR-116  KM 519,CENTRO,ITATIM,46875-000,ITATIM,-21.053976,-49.6834459
ITR,ITUMBIARA,146,1854494.0,BRASPRESS TRANSPORTES URGENTES LTDA,MODESTO DE CARVALHO,ST NORTE,ITUMBIARA,75536-100,ITUMBIARA,-18.4131509,-49.2442479
ITO,INTERIOR DE TOCANTINS,95,,BRASIL TRANSPORTES INTERMODAL LTDA,ACNE-I CJ-01,A NORDESTE,PALMAS,77053-080,INTERIOR DE TOCANTINS,2.8768549,-60.70890383429973
ITN,ITABUNA,199,1294479.0,BRASPRESS TRANSPORTES URGENTES LTDA,BR 415,F GOMES,ITABUNA,45613-550,ITABUNA,-24.2838232,-53.85105410694654
ITJ,ITAJAI,160,1744807.0,BRASPRESS TRANSPORTES URGENTES LTDA,ANTONIO VICTOR GONCALVES,SALSEIROS,ITAJAI,88311-549,ITAJAI,-26.8082169,-65.19992
ITG,ITUMBIARA,227,400032.0,BRASPRESS TRANSPORTES URGENTES LTDA,SANTA ROSA,JD AMERICA,ITUMBIARA,75523-290,ITUMBIARA II,-9.9447173,-67.8835524
ITD,ITABUNA,140,,BRASPRESS TRANSPORTES URGENTES LTDA,ITABUNA (ROD. ILHEUS-VIT. DA CONQUISTA),FERRADAS,ITABUNA,45609-020,ITD - POLO NÃO COMERCIAL,-30.810735,-53.901089405956114
ITB,ITAOBIM,232,3257.0,BRASPRESS TRANSPORTES URGENTES LTDA,BR 116 KM 124  S/N,CENTRO,ITAOBIM,39625-000,ITAOBIM REG. METROPOLITANA,-16.573028542857145,-41.50370133214286
ITA,ITAPETININGA,174,2059061.0,PRO SERVICE SOLUÇÕES E SERVIÇOS LTDA,NOE BATISTA BRIZOLA,VL NOVA,ITAPETININGA,18210-576,ITAPETININGA,-24.28609525,-53.85500033023547
IT,ITAOBIM,178,3257.0,TRANSPORTADORA CANARINHO LTDA,BR-116  KM 123,CENTRO,ITAOBIM,39625-000,,-16.573028542857145,-41.50370133214286
ISE,INTERIOR DE SERGIPE,64,8766.0,BRASIL TRANSPORTES INTERMODAL LTDA,UM,UM,ALTOS VERDES,49555-000,INTERIOR DE SERGIPE,,
IRS,INTERIOR DO RIO GRANDE DO SUL,70,426213.0,BRASIL TRANSPORTES INTERMODAL LTDA,PLINIO KROEFF,R BERTA - PORTO SECO,PORTO ALEGRE,91150-170,REGIAO DO RIO GRANDE DO SUL,-29.9943161,-51.1129495
IRR,INTERIOR DE RORAIMA,42,7377.0,BRASIL TRANSPORTES INTERMODAL LTDA,UM,UM,CANTA,69390-000,INTERIOR DE RORAIMA,1.865031433333333,-60.58179633333334
IRO,INTERIOR DE RONDONIA,40,7310.0,BRASIL TRANSPORTES INTERMODAL LTDA,UM,UM,ABUNA,78929-000,INTERIOR DE RONDONIA,,
IRN,INTERIOR DO RIO G. DO NORTE,52,7124.0,BRASIL TRANSPORTES INTERMODAL LTDA,UM,UM,ACARI,59370-000,INTERIOR DO RIO G DO NORTE,-6.43426390625,-36.64038849375
IRJ,INTERIOR DO RIO DE JANEIRO,46,,BRASIL TRANSPORTES INTERMODAL LTDA,WASHINGTON LUIS,.,RIO DE JANEIRO,20230-020,CIDADES DO INTERIOR DO RJ,-30.810735,-53.901089405956114
IPN,IPATINGA,86,1442211.0,BRASPRESS TRANSPORTES URGENTES LTDA,PEDRAS BONITAS,IGUACU,IPATINGA,35162-000,IPATINGA,-21.053976,-49.6834459
IPI,INTERIOR DO PIAUI,60,5506.0,BRASIL TRANSPORTES INTERMODAL LTDA,UM,UM,ACAUA,64748-000,INTERIOR DO PIAUI,-8.3906138,-41.0888482
IPF,INTERIOR DO PARA - FLUVIAL,67,4522.0,BRASIL TRANSPORTES INTERMODAL LTDA,CEL MARQUES RIBEIRO,VL GUILHERME,ACARA,68690-000,IPF - POLO NÃO COMERCIAL,-1.95939855,-48.20534455
IPE,INTERIOR DE PERNAMBUCO,54,5134.0,BRASIL TRANSPORTES INTERMODAL LTDA,UM,UM,AFOGADOS DA INGAZEIRA,56800-000,INTERIOR DE PERNAMBUCO,-7.751304927731092,-37.63599871848739
IPB,INTERIOR DA PARAIBA,62,4846.0,BRASIL TRANSPORTES INTERMODAL LTDA,UM,UM,AGUA BRANCA,58748-000,INTERIOR DA PARAIBA,28.657068,-109.4429941
IPA,INTERIOR DO PARA,66,4520.0,BRASIL TRANSPORTES INTERMODAL LTDA,RUA UM,CENTRO,ABAETETUBA,68440-000,INTERIOR DO PARA,-1.7340464800000002,-48.86978466
IMT,INTERIOR DO MATO GROSSO,27,4270.0,BRASIL TRANSPORTES INTERMODAL LTDA,CEL MARQUES RIBEIRO,VL GUILHERME,ACORIZAL,78480-000,INTERIOR DO MATO GROSSO,21.5176859,-102.2343557
IMS,INTERIOR DO MATO GROSSO DO SU,25,4100.0,BRASIL TRANSPORTES INTERMODAL LTDA,CEL MARQUES RIBEIRO,VL GUILHERME,AGUA BOA,79452-000,INTERIOR DO MATO GROSSO DO SUL,26.5138346,-100.1960496
IMP,IMPERATRIZ,73,1461444.0,BRASPRESS TRANSPORTES URGENTES LTDA,"BR-010, KM 1347",NOVA VITORIA,IMPERATRIZ,65913-460,IMPERATRIZ,,
IMG,INTERIOR DE MINAS GERAIS,173,2079972.0,BRASPRESS TRANSPORTES URGENTES LTDA,CESAR AUGUSTO FARIAS SIMOES,N PROGRESSO,CONTAGEM,32242-190,BELO HORIZONTE,-19.96847115,-44.0690158
IMA,INTERIOR DO MARANHAO,48,2557.0,BRASIL TRANSPORTES INTERMODAL LTDA,UM,VL GUILHERME,ROSARIO,65100-000,INTERIOR DO MARANHAO,-32.4235148,-57.3918583
IGZ,FOZ DO IGUACU,253,531984.0,SEPP & SEPP LTDA,RANIERI MAZZILLI,PRQ PRESIDENTE,FOZ DO IGUACU,85863-100,FOZ DO IGUAUCU,-3.7144259,-38.5649459
IGU,FOZ DO IGUACU,156,1597567.0,BRASPRESS TRANSPORTES URGENTES LTDA,REPUBLICA ARGENTINA,VILA MATILDE,FOZ DO IGUACU,85852-090,FOZ DO IGUACU,-22.6854543,-51.3521254
IGO,INTERIOR DE GOIAS,80,1831998.0,BRASIL TRANSPORTES INTERMODAL LTDA,OSMAR DIAS FERNANDES,LOTEAMENTO SANTA TEREZINHA,CATALAO,75709-510,INTERIOR DE GOIAS,-22.8730922,-43.2481833
IES,INTERIOR DO ESPIRITO SANTO,88,1632595.0,BRASIL TRANSPORTES INTERMODAL LTDA,JOAO JULIANI,H FRAGA,COLATINA,29704-671,INTERIOR DO ESPIRITO SANTO,-24.27571725,-53.848066270241304
ICE,INTERIOR DO CEARA,50,1122.0,BRASIL TRANSPORTES INTERMODAL LTDA,UM,UM,ABAIARA,63240-000,INTERIOR DO CEARA,-7.316099,-39.0500587
IBA,INTERIOR DA BAHIA,58,948.0,BRASIL TRANSPORTES INTERMODAL LTDA,UM,UM,PRADO,45980-000,INTERIOR DA BAHIA,-17.31522127586207,-39.22039371724138
IAT,IATI,181,5268.0,TRANSPORTADORA CANARINHO LTDA,"BR 423, KM  135",CENTRO,IATI,55345-000,IATI,-21.053976,-49.6834459
IAP,INTERIOR DO AMAPA,32,278.0,BRASIL TRANSPORTES INTERMODAL LTDA,UM,UM,ABACATE DA PEDREIRA,68912-350,INTERIOR DO AMAPA,,
IAM,INTERIOR DO AM - FLUVIAL,30,192.0,BRASIL TRANSPORTES INTERMODAL LTDA,R UM,UM,AMATARI,69105-000,INT DO AMAZONAS - FLUVIAL,42.0549452,-7.800293
IAL,INTERIOR DE ALAGOAS,56,23.0,BRASIL TRANSPORTES INTERMODAL LTDA,UM,UM,AGUA BRANCA,57490-000,INTERIOR DE ALAGOAS,42.0549452,-7.800293
IAF,INTERIOR DO AC - FLUVIAL,37,14.0,BRASIL TRANSPORTES INTERMODAL LTDA,CEL MARQUES RIBEIRO,VL GUILHERME,PORTO ACRE,69921-000,INTERIOR DO AC - FLUVIAL,42.0549452,-7.800293
IAC,INTERIOR DO ACRE,36,1.0,BRASIL TRANSPORTES INTERMODAL LTDA,UM,UM,ACRELANDIA,69945-000,INTERIOR DO ACRE,,
HPE,HP,800,162078.0,HP EMPEENDIMENTOS  E PARTICIPAÇÕES LTDA,ARARI LEITE,VL MARIA,SAO PAULO,02123-000,,-21.053976,-49.6834459
GYN,GOIANIA,23,1835341.0,BRASPRESS TRANSPORTES URGENTES LTDA,DOS IPES,SIT RCR M B SAYAO,GOIANIA,74681-235,GOIANIA E REGIAO METROPOLITANA,,
GVR,GOVERNADOR VALADARES,78,1449758.0,BRASPRESS TRANSPORTES URGENTES LTDA,INDUSTRIAL,DISTRITO INDUSTRIAL,GOVERNADOR VALADARES,35040-610,GOVERNADOR VALADARES,-18.8928258,-41.999918
GUP,GURUPI,188,1468215.0,TRANSPORTADORA CANARINHO,GOIAS,PRQ PRIMAVERA,GURUPI,77440-100,GURUPI,-20.0259457,-44.303323
GRU,GUARULHOS,190,2125341.0,BRASPRESS TRANSPORTES URGENTES LTDA,MONTEIRO LOBATO,C JD CUMBICA (JD P DUTRA),GUARULHOS,07180-000,GUARULHOS E REG.METROPOLITANA,-23.45389435,-46.4842
GRP,GURUPI,235,1354454.0,BRASPRESS BRASPORTE URGENTES LTDA,MINISTRO ALFREDO NASSER 1090,ST CENTRAL,GURUPI,77402-970,GURUPI,-24.5272285,-54.1081766
GRO,GUARULHOS,123,2124225.0,BRASIL TRANSPORTES INTERMODAL LTDA,BRAZAPOLIS,C I S S PAULO,GUARULHOS,07223-090,GUARULHOS,-3.6976547,-38.6307966
GR,GUARULHOS,202,2124178.0,AIR MINAS LINHAS AEREAS LTDA,HELIO SMIDT TERM 1 ASA B,JARDIM CUMBICA (JARDIM PRESIDE,GUARULHOS,07240-050,GUARULHOS,-26.336323851020406,-60.43385497755102
GPB,GUARAPUAVA,22,1395421.0,BRASPRESS TRANSPORTES URGENTES LTDA,PR-466 KM 262,VILA CARLI,GUARAPUAVA,85050-290,GUARAPUAVA,-30.53220635,-52.52280219622739
GOI,INTERIOR DE GOIAS,91,1831768.0,BRASIL TRANSPORTES INTERMODAL LTDA,A,LOT LEAO,CATALAO,75707-010,INTERIOR DE GOIAS,-26.335969891836733,-60.43390807959183
GMI,GUAJARA MIRIM,152,1066732.0,JBS TRANSPORTES EIRELE ME,1º DE MAIO,10 DE ABRIL,GUAJARA MIRIM,76850-000,GUAJARA MIRIM,19.6821646,-100.5384878
GEL,SANTO ANGELO,98,1416883.0,BRASPRESS TRANSPORTES URGENTES LTDA,RS-344,ORTIS,SANTO ANGELO,98801-285,SANTO ANGELO,-30.53214525,-52.52432441192157
GB,CUIABA,211,1727077.0,AIR MINAS LINHAS AEREAS LTDA,GOVERNADOR JOAO PONCE DE ARRUDA,VL PIRINEU,VARZEA GRANDE,78125-300,CUIABA,-30.5476967,-52.517192266085104
FSA,FEIRA DE SANTANA,71,1668774.0,BRASPRESS TRANSPORTES URGENTES LTDA,DEPUTADO LUIS EDUARDO MAGALHAES,CIS,FEIRA DE SANTANA,44079-002,FEIRA DE SANTANA,-12.2754815,-38.93428355
FRC,FRANCA,148,1476986.0,BRASPRESS TRANSPORTES URGENTES LTDA,BRUNO CESAR PRADO NOGUEIRA,POLO INDL ABILIO NOGUEIRA,FRANCA,14406-066,FRANCA,-30.81087205,-53.906165348240975
FOR,FORTALEZA,49,1952117.0,BRASPRESS TRANSPORTES URGENTES LTDA,ANEL VIARIO,ANCURI,FORTALEZA,60874-212,FORTALEZA,-3.86746498,-38.50997341
FLN,FLORIANOPOLIS,28,1748628.0,BRASPRESS TRANSPORTES URGENTES LTDA,GILMAR SCHMIDT,CENTRO PALHOCA,PALHOCA,88131-480,FLORIANOPOLIS,-24.2738583,-53.851838602744195
FLB,FLORIANO,213,5587.0,NOVO HORIZONTE TRANSPORTES  E SERVIÇOS  LTDA,BR 230 KM 585,CENTRO,FLORIANO,64800-000,FLORIANO,25.6482288,-100.2880207
F2R,FORTALEZA,242,1952116.0,BRASPRESS TRANSPORTES URGENTES LTDA,QUARTO ANEL VIARIO,PEDRAS,FORTALEZA,60874-401,FORTALEZA,-3.8710174399999997,-38.50397304
EXT,EXTREMA,132,3103.0,BRASPRESS TRANSPORTES URGENTES LTDA,JOAQUIM LOURENÇO DE LIMA,VARGEM DO JOÃO PINTO,EXTREMA,37640-000,EXTREMA,-22.851093845454546,-46.3179993
EUL,EUNAPOLIS,166,,BRASPRESS TRANSPORTES URGENTES LTDA,BR 101,URBIS I,EUNAPOLIS,45826-000,EUNAPOLIS,-16.3891396,-39.5834559
ESI,INTERIOR DO ESPIRITO SANTO,92,1632928.0,BRASIL TRANSPORTES INTERMODAL LTDA,ALVARO ANTOLINI,VILA NOVA,COLATINA,29702-090,INTERIOR DO ESPIRITO SANTO,-19.5396276,-40.6351286
DVG,VOTUPORANGA,171,2021832.0,BRASPRESS TRANSPORTES URGENTES LTDA,JOSE SILVEIRA RIVA,V DISTRITO INDUSTRIAL,VOTUPORANGA,15505-130,VOTUPORANGA,-24.2752196,-53.83755912413734
DPW,PIRACICABA,115,1962767.0,BRASPRESS TRANSPORTES URGENTES LTDA,COMENDADOR LEOPOLDO DEDINI,UNILESTE,PIRACICABA,13422-210,PIRACICABA,-22.734272,-47.58888936666667
DIQ,DIVINOPOLIS,90,1563269.0,BRASPRESS TRANSPORTES URGENTES LTDA,DORINHA GONTIJO,L P PEREIRA,DIVINOPOLIS,35502-057,DIVINOPOLIS,-30.803092300000003,-53.90191759529121
DI,DIVINOPOLIS,207,1562198.0,AIR MINAS LINHAS AEREAS LTDA,MARCIO NOTINI,J FONSECA,DIVINOPOLIS,35501-110,DIVINOPOLIS,-24.287880899999998,-53.834128378844156
CXO,CACHOEIRO DE ITAPEMIRIM,89,1489540.0,BRASPRESS TRANSPORTES URGENTES LTDA,MAURO MIRANDA MADUREIRA,ELPIDIO VOLPINI,CACHOEIRO DE ITAPEMIRIM,29309-712,CACHOEIRO DE ITAPEMIRIM,-20.827950559999998,-41.14926582
CXJ,CAXIAS DO SUL,83,1718517.0,BRASPRESS TRANSPORTES URGENTES LTDA,RSC -453,SANTA FE,CAXIAS DO SUL,95045-630,CAXIAS DO SUL E CID.PROXIMAS,9.6895929,125.4499358
CWB,CURITIBA,3,526952.0,BRASPRESS TRANSPORTES URGENTES LTDA,JOAO BETTEGA,C INDUSTRIAL,CURITIBA,81350-000,CURITIBA E REG METROPOLITANA,-25.48795795,-49.319372
CVL,SETE LAGOAS,218,1505035.0,TEREZA SETE LAGOAS PARCEIRO,JOAO MENDES,CENTRO,SETE LAGOAS,35700-226,CURVELO,-30.53410795,-52.52856957814402
CUR,CURVELO,85,3022.0,BRASIL TRANSPORTES INTERMODAL LTDA,JOAO PIZANNI,CENTRO,CURVELO,35790-000,CURVELO,-18.762176805555555,-44.42978575555556
CSU,SANTA CRUZ DO SUL,105,1458528.0,BRASPRESS TRANSPORTES URGENTES LTDA,BR 471,VARZEA,SANTA CRUZ DO SUL,96814-400,SANTA CRUZ DO SUL,-39.8618745,-72.81975001851183
CPX,CAMPINAS,225,2117717.0,BRASPRESS TRANSPORTES URGENTES LTDA,JOAO GALVAO ANDERSON,TER I CARGAS (TIC),CAMPINAS,13069-107,CAMPINAS II,-29.7056144,-53.874695467866864
CPV,CAMPINA GRANDE,141,1497487.0,BRASPRESS TRANSPORTES URGENTES LTDA,AEROCLUBE,DT INDUSTRIAL,CAMPINA GRANDE,58411-370,CAMPINA GRANDE,-24.2871144,-53.8478831653168
CPQ,CAMPINAS,5,2119989.0,BRASPRESS TRANSPORTES URGENTES LTDA,RICARDO DIAS ALVES,TERMINAL INTERMODAL DE CARGAS,CAMPINAS,13069-103,CAMPINAS E REG. METROPOLITANA,-29.7062461,-53.872359680881274
CPE,CAMPINAS,212,2119989.0,BRASPRESS TRANSPORTES URGENTES,RICARDO DIAS ALVES,TERMINAL INTERMODAL DE CARGAS,CAMPINAS,13069-103,CAMPINAS E REG. METROPOLITANA,-29.7062461,-53.872359680881274
CP2,CAMPINAS,175,2118022.0,BRASPRESS TRANSPORTES URGENTES LTDA,LAZARO BIBIANO DA SILVA S/N,VILA SAN MARTIN,CAMPINAS,13069-101,CAMPINAS III,-29.70636665,-53.87137010247672
COL,COLATINA,33,1635964.0,BRASPRESS TRANSPORTES URGENTES LTDA,DAS NACOES,IBC,COLATINA,29712-408,COLATINA,-19.5183211,-40.6040948
CNA,XANGRI-LA,116,8317.0,BRASPRESS TRANSPORTES URGENTES LTDA,RS 407,ATLANTIDA,XANGRI-LA,95588-000,CAPAO DA CANOA,-29.79608805,-50.04611329166667
CMO,CAMPO MOURAO,121,1886762.0,BRASPRESS TRANSPORTES URGENTES LTDA,LAURINDO BORGES,CENTRO,CAMPO MOURAO,87303-240,CAMPO MOURAO,-30.56082035,-52.51566505190327
CMA,SAO LUIS,244,1556111.0,OLIVEIRA LOGISTICA LTDA,UM,DT INDUSTRIAL,SAO LUIS,65090-278,SAO LUIS,-15.811346582650422,-48.02351382384153
CJZ,QUEIMADAS,220,5042.0,TACIDO SERGIO BESERRA PEREIRA,SEBASTIÃO LUCENA,CENTRO,QUEIMADAS,58475-000,QUEIMADAS,-7.367263033333333,-35.90436379166667
CHP,CHOPINZINHO,252,5957.0,ALAGADOS TRANSPORTES  ME,BISPO DOM CARLOS,CENTRO,CHOPINZINHO,85560-000,CHOPINZINHO,-25.8565266,-52.52881966666667
CGB,CUIABA,26,1723436.0,BRASPRESS TRANSPORTES URGENTES LTDA,B/E,DISTRITO INDUSTRIAL,CUIABA,78098-285,CUIABA,-8.20705155,-34.92079365
CCT,SAO PAULO,145,2143087.0,BRASPRESS TRANSPORTES URGENTES LTDA,DO ESTADO,B RETIRO,SAO PAULO,01108-000,CAOB CANTAREIRA,-23.530129508333335,-46.62799632916667
CCM,CRICIUMA,102,1630197.0,BRASPRESS TRANSPORTES URGENTES LTDA,GOVERNADOR JORGE LACERDA,VERDINHO,CRICIUMA,88814-551,CRICIUMA,-3.8071785,-38.5939666
CCL,CACOAL,157,,RAPIDO RORAIMA LTDA,DOS MARINHEIROS  S/N,CENTRO,CACOAL,78975-000,CACOAL,-15.610502050000001,-56.154491754286525
CBF,CABO FRIO,126,,BRASIL TRANSPORTES INTERMODAL LTDA,WASHINGTON LUIZ,PRQ D CAXIAS,DUQUE DE CAXIAS,25085-006,CABO FRIO,-30.80972255,-53.89582535545587
CAW,CAMPOS DOS GOYTACAZES,43,1438983.0,BRASPRESS TRANSPORTES URGENTES LTDA,"BR 101 KM  68,4  -   S/NR  - GALPÃO 2 MOD. B",TAPERA,CAMPOS DOS GOYTACAZES,28040-000,CAMPOS DOS GOYTACAZES,19.953674,-104.2621019
CAU,CARUARU,139,1352400.0,BRASPRESS TRANSPORTES URGENTES LTDA,RUA MARTINS JUNIOR 12,N SRA DORES,CARUARU,55002-970,CARUARU,-29.709409900382774,-57.08918914321155
CAE,SAO PAULO,154,179256.0,BRASPRESS TRANSPORTES URGENTES LTDA,MARIA CANDIDA,VL GUILHERME,SAO PAULO,02071-011,CAOB SAO PAULO,-23.504471670588234,-46.60673487647059
CAC,CASCAVEL,19,1349465.0,BRASPRESS TRANSPORTES URGENTES LTDA,"BR 277, KM 598",SANTOS DUMONT,CASCAVEL,85804-600,CASCAVEL,42.0549452,-7.800293
BVH,VILHENA,250,1381326.0,BRASPRESS TRANSPORTES URGENTES LTDA,MARECHAL RONDON,PRQ IND T NEVES,VILHENA,76987-790,VILHENA,-12.7738058,-60.094617
BVB,BOA VISTA,41,1579276.0,H C S MOTA E CIA LTDA,DONA BENEDITA CASTELO BRANCO,FLORES,MANAUS,69058-826,BOA VISTA,,
BTU,GUARULHOS,998,594979.0,BRASPRESS TRANSPORTES URGENTES LTDA,"RODOVIA PRESIDENTE DUTRA, KM 222,500",CUMBICA (JD P DUTRA),GUARULHOS,07180-903,,-9.9520284,-67.8354401
BTC,CAMPINAS,170,999750.0,BRASPRESS TRANSPORTES URGENTES LTDA,RICARDO DIAS ALVES,TER I CARGAS  TIC,CAMPINAS,13069-103,AEROPRESS BTC - VIRTUAL,-29.7062461,-53.872359680881274
BTB,BARUERI,122,2043937.0,BRASPRESS TRANSPORTES URGENTES LTDA,ALAMEDA RIO PRETO,TAMBORE,BARUERI,06460-050,CAOB TAMBORE,-30.8036222,-53.90198355574046
BTA,GUARULHOS,142,2125341.0,BRASPRESS TRANSPORTES URGENTES LTDA,MONTEIRO LOBATO,C JD CUMBICA,GUARULHOS,07180-000,CAOB AEROPRESS,-23.45389435,-46.4842
BSB,BRASILIA,8,1334504.0,BRASPRESS TRANSPORTES URGENTES LTDA,STRC TRECHO 3 CONJUNTO B,ZONA INDUSTRIAL (GUARÁ),BRASILIA,71225-532,BRASILIA E TODO DF,-23.5365922,-51.2036053
BRQ,BRUSQUE,161,1744685.0,BRASPRESS TRANSPORTES URGENTES LTDA,ITAJAI,LIMOEIRO,BRUSQUE,88356-305,BRUSQUE,-30.54841735,-52.540576989085594
BRL,BARUERI,163,2043283.0,BRASPRESS TRANSPORTES URGENTES LTDA,ARAGUAIA,ALPHAVILLE INDUSTRIAL,BARUERI,06455-000,BRASLOG,-23.501206130769233,-46.838712487179485
BPD,POCOS DE CALDAS,134,1365654.0,BRASPRESS TRANSPORTES URGENTES LTDA,JOAO PINHEIRO,CENTRO,POCOS DE CALDAS,37701-387,POCOS DE CALDAS,-24.29111705,-53.848367014570016
BPC,POCOS DE CALDAS,191,1365654.0,BRASPRESS TRANSPORTES URGENTES LTDA,JOAO PINHEIRO,CENTRO,POCOS DE CALDAS,37701-387,POCOS DE CALDAS,-24.29111705,-53.848367014570016
BNU,BLUMENAU,68,435806.0,BRASPRESS TRANSPORTES URGENTES LTDA,DOUTOR PEDRO ZIMMERMANN,ITOUPAVAZINHA,BLUMENAU,89065-000,BLUMENAU,-26.823644316666666,-49.090711633333335
BLP,SAO PAULO,177,157242.0,BRASPRESS TRANSPORTES URGENTES LTDA,CARDEAL SANTIAGO LUIZ COPELLO,VL R BARROS,SAO PAULO,05308-000,CAOB VILA LEOPOLDINA,,
BLH,SAO JOAQUIM  DE BICAS,182,3868.0,TRANSPORTADORA CANARINHO LTDA,MARIQUINHA DE REZENDE,TEREZA CRISTINA,SAO JOAQUIM DE BICAS,32920-000,SAO JOAQUIM  DE BICAS,-20.049662442857144,-44.260402385714286
BJD,ITUPEVA,246,2257241.0,BRASPRESS TRANSPORTES URGENTES LTDA,EMILIO CHECCHINATO,S R CHAVE,ITUPEVA,13295-274,ITUPEVA E REG. METROPOLITANA,-30.5536752,-52.51769077478599
BHZ,BELO HORIZONTE,2,2079972.0,BRASPRESS TRANSPORTES URGENTES LTDA,CESAR AUGUSTO FARIA SIMOES,JARDIM RIACHO DAS PEDRAS,CONTAGEM,32242-190,BELO HORIZONTE E REG METROPOL.,-19.96847115,-44.0690158
BGX,BAGE,103,1434660.0,BRASPRESS TRANSPORTES URGENTES LTDA,SANTA TECLA,G VARGAS,BAGE,96412-000,BAGE,-31.3159884,-54.090438
BGV,BENTO GONÇALVES,249,1721108.0,SERRA E VALE ENCOMENDAS EPP,CARLOS DREHER NETO,VILA NOVA,BENTO GONCALVES,95706-058,BENTO GONÇALVES,-30.802259499999998,-53.90385912536301
BEL,ANANINDEUA,65,1527939.0,BRASPRESS TRANSPORTES URGENTES LTDA,"BR-316, KM 05 S/N GALPAO 3/4",COQUEIRO,ANANINDEUA,67015-220,BELEM E REG. METROPOLITANA,-5.111289,-36.0864408
BCS,CAMPINA GRANDE DO SUL,193,5904.0,BRASPRESS TRANSPORTES URGENTES LTDA,REGIS BITENCOURT,CAMPO FUNDO,CAMPINA GRANDE DO SUL,83430-000,CURITIBA E REG METROPOLITANA,-25.345689352631577,-49.09059379473685
BCG,CAOB - CONTAGEM,172,2079972.0,BRASPRESS TRANSPORTES URGENTES LTDA,CESAR AUGUSTO FARIAS SIMOES,RIACHO DAS PEDRAS,CONTAGEM,32242-190,CAOB CONTAGEM,-19.96847115,-44.0690158
BBC,BRASILIA,234,1334504.0,BRASPRESS TRANSPORTES URGENTES LTDA,STRC TRECHO 3 CONJUNTO B,Z INDUSTRIAL,BRASILIA,71225-532,BRASILIA II,-23.5365922,-51.2036053
BAU,BAURU,12,1010873.0,BRASPRESS TRANSPORTES URGENTES LTDA,"MARECHAL RONDON, KM348",NUCLEO RES E B GASPARINI,BAURU,17022-531,BAURU,-21.4791672,-42.5706837
BA,BAURU,203,2002011.0,AIR MINAS LINHAS AEREAS LTDA,"ENGENHEIRO MURILO MARINGONI KM  5,5",RIO VERDE,BAURU,17057-000,BAURU,-15.610502050000001,-56.154491754286525
AUX,ARAGUAINA,240,1466731.0,A N M ROCHA TRANSPORTES,BERNARDO SAYAO,VL CEARENSE,ARAGUAINA,77818-340,ARAGUAINA,,
ARU,ARACATUBA,130,33693.0,BRASPRESS TRANSPORTES URGENTES LTDA,JOSÉ FERREIRA BATISTA,JD IPANEMA,ARACATUBA,16052-000,ARACATUBA,-21.053976,-49.6834459
ARQ,ARIQUEMES,150,,JBS TRANSPORTES EIRELE ME,AL.BRASILIA,SETOR 3,ARIQUEMES,78932-000,ARIQUEMES,-11.6920807,-62.71479
ARG,ARAGUAIANA,189,1467804.0,TRANSPORTADORA CANARINHO,FELIX M. SOUSA,VILA PIAUI,ARAGUAINA,77818-345,ARAGUAINA,,
ARC,ARACAJU,183,1319311.0,TRANSPORTADORA CANARINHO LTDA,MARECHAL CANDIDO MARIANO DA SILVA RONDON,CAPUCHO,ARACAJU,49081-120,ARACAJU,-15.935416,-57.0254782
AR,ARACATUBA,206,1896978.0,AIR MINAS LINHAS AEREAS LTDA,OLEGARIO FERRAZ,AER INTERNACIONAL,ARACATUBA,16052-800,ARACATUBA,-21.140815,-50.425139
AQA,ARARAQUARA,114,1975303.0,BRASPRESS TRANSPORTES URGENTES LTDA,SAO CAETANO,LOT IND C S CAETANO,ARARAQUARA,14804-318,ARARAQUARA,-24.29786855,-53.833371271614595
APQ,RIO LARGO,217,158.0,GF TRANSPORTE  LOGISTICA,ASAS DOS VENTOS,CENTRO,RIO LARGO,57100-000,ARAPIRACA/ GF TRANS,-9.511757383333332,-35.81083388333333
AJU,ARACAJU,63,1824329.0,BRASPRESS TRANSPORTES URGENTES LTDA,MARECHAL CANDIDO MARIANO DA SILVA RONDON,CAPUCHO,ARACAJU,49095-790,ARACAJU,-24.2864887,-53.828143561381225
AGD,GUARULHOS,223,2173322.0,BRASPRESS TRANSPORTES URGENTES LTDA,PRESIDENTE DUTRA,CUMBICA,GUARULHOS,07180-903,AGEND. CAOB,-9.9520284,-67.8354401
ABS,SANTO ANDRE,255,2136039.0,BRASPRESS TRANSPORTES URGENTES LTDA,QUEIROS DOS SANTOS,CENTRO,SANTO ANDRE,09015-310,CAOB SANTO ANDRE,-23.655108433333336,-46.524511733333334
ABD,SAO BERNARDO,164,186120.0,BRASPRESS TRANSPORTES URGENTES LTDA,PRESIDENTE TANCREDO NEVES,VILA NANCY,SAO PAULO,04287-010,CAOB SAO BERNARDO,-23.61517475,-46.60877745
